{"cameraMode":{"drawMode":0,"name":"Shaded","section":"Shading Mode"},"sceneLighting":true,"audioPlay":false,"sceneViewState":{"m_AlwaysRefresh":false,"showFog":true,"showSkybox":true,"showFlares":true,"showImageEffects":true,"showParticleSystems":true,"showVisualEffectGraphs":true,"m_FxEnabled":true},"in2DMode":false,"pivot":{"x":-15.939275741577149,"y":4.021274566650391,"z":-19.402502059936525},"rotation":{"x":0.46682992577552798,"y":-0.04242356866598129,"z":0.02242504432797432,"w":0.8830486536026001},"size":0.363930881023407,"orthographic":false}